Product,Unit of Measurement,,Jan-17,Feb-17,Mar-17,Apr-17,May-17,Jun-17,Jul-17,Aug-17,Sep-17,Oct-17,Nov-17,Dec-17,Jan-18,Feb-18,Mar-18,Apr-18,May-18,Jun-18,Jul-18,Aug-18,Sep-18,Oct-18,Nov-18,Dec-18,Jan-19,Feb-19,Mar-19,Apr-19,May-19,Jun-19,Jul-19,Aug-19,Sep-19,Oct-19,Nov-19,Dec-19,Jan-20,Feb-20,Mar-20,Apr-20,May-20,Jun-20,Jul-20,Aug-20,Sep-20,Oct-20,Nov-20,Dec-20,Jan-21,Feb-21,Mar-21,Apr-21,May-21,Jun-21,Jul-21,Aug-21,Sep-21,Oct-21,Nov-21,Dec-21,Jan-22,Feb-22,Mar-22,Apr-22,May-22,Jun-22,Jul-22,Aug-22,Sep-22,Oct-22,Nov-22,Dec-22,Jan-23,Feb-23,Mar-23,Apr-23,May-23,Jun-23,Jul-23,Aug-23,Links
Beef stewing cuts,per kilogram,Meat,13.57,14.24,14.07,13.1,13.75,13.99,14.53,14.67,14.73,13.94,13.05,14.18,13.4,11.73,13.36,12.42,14.01,16.21,13.1,14.82,11.89,11.39,11.43,13.98,11.77,11.26,11.72,12.66,14.45,15.7,14.21,15.74,14.46,11.48,13.33,14.87,13.92,13.14,15.17,14.7,16.5,18.8,17.79,16.98,13.94,13.47,15.5,13.67,14.55,15.43,14.95,15.19,15.74,16.6,16.96,17.27,15.65,16.01,16.37,17.24,14.37,16.89,16.75,17.53,17.61,18.78,19.43,17.86,14.69,18.74,16.78,14.83,16.44,16.46,15.43,18.02,19.08,19.39,18.58,19.93,15588794
Beef striploin cuts,per kilogram,Meat,16.51,19.92,18.49,26.41,20.96,19.02,19.83,19.18,26.36,26.41,16.35,13.64,16.29,17.65,22.66,17.94,18.05,20.76,26.99,15.89,20.89,16.46,18.27,15.93,18.61,16.94,17.37,15.84,19.9,18.63,16.83,16.56,18.96,18.87,21.17,15.5,17.09,15.86,17.92,18.77,26.45,30.24,23.7,22.66,27.68,24.65,23.17,17.1,29.78,21.94,22.63,31.04,21.4,23.67,24.34,24.78,24.96,26.48,26.67,24.4,25.32,23.41,26.7,25.89,24.56,23.85,24.41,25.2,23.22,27.81,22.44,18.62,29.17,21.31,23.49,26.04,24.57,26.4,37.21,41.8,15588828
Beef top sirloin cuts,per kilogram,Meat,12.09,9.95,15.8,15.96,14.33,14.36,15.05,13.21,14.77,13.78,13,13.23,17.14,13,11.39,14.27,13.52,13.09,13.55,12.97,12.34,13.31,12.39,9.71,13.19,11.84,16.82,16.66,16.96,13.83,13.43,13.82,13.39,13.36,12.79,17.17,14.66,13.88,14.03,12.74,20.11,19.21,15.93,15.64,12.25,13.79,14.99,12.75,13.33,13.8,15.29,13.14,14.49,17.45,15.6,16.87,15.5,17.65,19.88,13.4,14.74,18.27,19.74,15.66,15.64,18.27,14.29,16.36,18.47,14.81,14.52,14.48,15.28,17.31,16.57,20.88,19.77,21.76,20.14,25.94,15588833
Beef rib cuts,per kilogram,Meat,24.63,24.87,25.12,18.99,25.65,18.74,26.86,17.9,21.12,15.91,25.64,13.62,25.8,24.91,15.68,26.54,20.49,17.04,18.66,17.7,24.19,15.54,23.7,15.76,19.92,22.13,27.09,17.18,20.51,18.33,18.29,27.14,27.94,14.35,19.51,15.48,19.29,22.65,29.25,18.46,22.86,26.62,20.49,22.29,30.86,27.32,31.26,18.41,25.29,21.18,19.24,20.89,28.43,29.95,33.86,33.24,31.27,22.95,31.16,33.27,31.34,33.91,33.74,35.47,21.99,26.27,27.64,26.57,32.85,21.88,28.93,23.35,31.95,33.84,26.17,25.45,27.16,27.05,36.22,28.37,15588838
Ground beef,per kilogram,Meat,8.13,7.91,8.12,8.67,8.89,8.98,9.71,9.35,8.29,8.07,7.6,7.79,7.28,8.88,7.77,7.46,8.69,7.73,8.85,8.69,8.16,8.69,6.91,7.63,7.98,7.94,7.87,8.04,8.38,8.8,8.7,8.52,8.47,8.75,8.74,9.34,9.06,9.29,9.71,10.16,12.49,12.58,10.28,9.26,9.66,9.6,9.45,9.79,8.6,9.04,8.89,8.63,8.83,8.76,8.84,9.74,10.02,9.51,10.97,10.47,11.12,9.96,10.35,9.99,10.51,9.65,10.45,11.01,10.93,9.67,9.69,10.28,9.99,9.86,10.09,10.2,11.02,11.09,11.34,12.06,15588849
Pork loin cuts,per kilogram,Meat,5.92,6.59,6.67,6.49,7.71,6.97,7.78,6.6,6.81,7.22,6.28,6.21,5.29,6.85,7.65,7.37,6.34,8.35,7.35,6.41,6.97,5.87,6.92,6.63,6.77,7.49,6.89,8.1,7.64,7.5,8.03,7.48,6.78,6.46,6.37,7.29,6.49,7.52,7.54,7.48,7.57,7.7,7.18,7.91,8.45,7.63,8.41,7.3,7.17,6.75,6.76,7.13,7.96,7.24,7.7,7.4,7.91,8.07,7.01,9.18,8.9,8.03,7.74,9.24,8.01,8.05,7.11,8.23,8.08,7.27,7.1,8.56,8.46,7.73,8.13,8.34,8.7,7.7,8.24,8.61,15588854
Pork rib cuts,per kilogram,Meat,5.88,8.35,6.33,7.08,7.31,6.7,8.15,8.12,9.73,6.8,6.13,8.42,8.39,6.57,7.45,7.92,8.48,7.14,6.6,7.13,7.02,7.15,6.3,7.79,7.97,7.26,7.84,8.13,7.42,7.3,8.68,8.12,7.13,6.94,5.88,6.79,7.59,6.94,7.6,8.88,8.03,8.95,8.7,7.97,9.41,10.29,10.67,7.56,7.81,7.15,7.93,8.57,10.48,11.37,12.87,12.39,11.1,11.55,11.88,9.15,10.53,9.99,10.02,9.61,9.99,10.86,11.04,9.02,9.1,9.97,8.97,9.81,8.54,8.45,8.79,8.81,8.94,9.34,7.94,8.88,15588996
Pork shoulder cuts,per kilogram,Meat,6.01,4.77,4.91,5.17,6.29,6.18,6.22,6.29,4.18,3.57,3.36,5.47,6.96,5.49,7.49,5.87,5.42,8.48,8.05,8.14,7.82,5.84,5.44,5.01,5.53,5.8,6.23,6.27,8.21,8.22,8.36,7.98,7.61,6.97,5.55,6.97,7.31,6.08,7.31,7.19,7.72,7.48,6.67,6.11,6.35,5.88,7.25,5.88,7.26,6.96,5.79,5.62,6.86,7.37,7.37,6.74,7.78,5.91,7.02,7.52,6.52,6.3,6.39,6.74,7.18,6.73,7.47,6.71,8.1,7.9,6.66,6.79,7.38,6.94,6.49,7.77,8.06,8.18,8.34,8.7,15589003
Whole chicken,per kilogram,Meat,5.76,4.83,5.2,5.9,5.49,5.11,5.59,5.91,4.96,5.35,4.8,6.71,5.67,4.73,4.69,5.41,4.88,4.69,4.33,4.51,4.83,4.86,4.68,6.88,5.13,6.2,5.38,6.35,4.82,4.88,4.65,4.43,4.73,4.93,5.01,4.67,4.97,4.84,5.01,5.22,4.7,4.84,5.09,5.24,4.76,5.92,4.6,5.47,4.74,5.08,4.91,5.06,5.14,5.26,5.71,7.05,5.62,5.96,5.8,6.69,5.69,5.66,5.9,5.55,4.89,5.56,5.16,6.03,6.09,5.82,5.89,6.43,5.65,6.49,6.59,6.02,6.21,6.44,6.63,6.04,15589006
Chicken breasts,per kilogram,Meat,12.05,11.06,12.37,12.96,11.13,10.47,10.63,12.21,12.31,11.65,9.85,11.01,13.65,11.76,11.12,11.31,12.25,10.75,10.84,10.5,11.59,11.63,12.96,12.22,12.95,10.7,11.32,11.55,11.81,11.73,13.43,13.34,12.58,12.26,12.78,13.09,12.05,13.5,13.05,13.25,11.85,11.79,11.57,10.86,12.28,12.83,13.6,11.99,12.73,13.07,12.57,11.62,12.39,11.53,12.47,12.3,13.02,15.38,12.98,13.19,13.36,13.61,12.68,14.19,13.35,12.58,13.67,12.93,13.11,12.73,14.77,13.44,13.51,13.57,13.74,15.23,14.48,14.51,15.21,14.31,15589010
Chicken thigh,per kilogram,Meat,8.59,7.14,7.38,7.66,6.85,6.22,6.51,7.32,6.64,7.85,6.83,8.76,6.11,6.37,6.37,5.63,5.05,5.2,6.68,7.63,6.78,8.05,6.97,7.16,6.41,6.4,6.54,6.8,5.97,6.9,6.26,7.51,6.32,6.24,7.14,7.26,6.88,8.62,7.05,7.27,6.37,5.8,6.86,6,6.94,6.1,6.68,7.29,6.7,8.32,6.75,7.34,6.58,7.22,7.36,6.96,7.97,7.48,7.9,7.85,7.66,8.18,7.7,8.42,7.2,7.09,7.53,7.25,8.16,9.83,8.03,7.85,7.61,8.71,8.15,7.9,9.36,9.06,8.98,8.31,15589012
Chicken drumsticks,per kilogram,Meat,7.92,6.75,6.6,6.95,6.47,5.65,6,6.54,6.03,7.12,5.97,7.75,5.47,5.88,5.93,5.31,4.69,4.91,6.12,7.05,6.57,7.2,6.6,6.68,5.92,6.06,6.02,6.29,5.56,6.32,6.02,6.55,5.85,5.57,6.42,6.64,6.07,7.59,6.28,6.91,6.21,5.65,6.47,5.71,6.23,5.43,5.73,6.44,5.73,7.15,5.73,6.15,5.56,5.91,6.46,6.13,6.86,6.11,6.46,6.82,7.2,7.47,6.9,7.34,6.39,6.13,6.66,7.09,6.99,7.78,7,7.2,6.71,7.69,6.74,6.3,6.89,8.31,7.24,6.94,15589016
Bacon,500 grams,Meat,4.06,4.94,5.94,5.54,4.85,5.39,5.32,6.37,5.8,5.4,4.75,4.9,4.94,5.07,5.51,5.08,5.44,5.36,5.49,5.94,6.06,5.52,5.45,5.29,5.36,5.63,5.25,4.86,5.51,5.42,5.94,5.77,5.97,5.2,5.58,5.88,5.13,5.43,6.08,5.55,5.44,5.14,5.56,5.76,5.7,5.79,5.38,5.67,5.71,5.53,5.75,5.8,6.11,6.37,6.56,6.13,6.74,6.68,6.3,7.24,6.29,6.56,6.49,6.73,6.74,6.54,6.81,6.86,7.19,6.94,6.76,7.13,6.68,6.64,6,6.69,6.57,6.71,6.69,6.82,15589026
Wieners,500 grams,Meat,2.81,2.77,2.81,2.47,2.66,2.55,2.51,2.53,2.75,3,2.97,3.21,2.84,2.72,2.99,2.64,2.81,2.77,2.85,3.02,3.27,3.07,3.03,3.69,2.78,2.81,3.14,3.09,2.78,2.94,3.17,3.15,3.14,3.37,3.25,3.81,3.31,2.74,3.23,3.34,3.46,2.99,3.49,3.65,3.32,3.46,3.43,3.7,2.65,3.69,3.45,3.34,3.48,3.54,3.44,3.76,3.41,3.27,3.42,4.27,3.34,3.54,3.67,4.18,3.96,3.92,3.77,3.93,4.06,3.5,3.68,4.08,3.28,3.84,3.43,3.3,3.97,3.97,3.74,3.93,15589031
Salmon,per kilogram,Fish,20.53,20.77,21.3,20.25,21.11,20.8,20.55,20.14,20.05,19.91,19.82,19.5,20.06,19.93,20.11,20.32,20.28,20.43,21.19,20.77,19.92,20.27,21.16,20.19,20.96,20.85,21.13,20.48,20.49,20.54,20.4,20.62,20.13,19.93,20.76,19.9,20.36,22.15,22.87,22.16,22.46,22.31,21.3,20.61,21.37,21.62,22.38,18.55,21.56,21.32,21.8,21.33,21.82,21.99,22.34,22.35,22.21,22.43,22.22,21.46,23.58,23.39,23.58,23.65,25.83,26.01,26.57,26.29,25.66,22.89,23.71,22.41,24.63,25.01,25.97,24.38,27.17,27.74,28.03,26.52,15589037
Shrimp,grams,Fish,6.3,6.63,6.87,6.66,6.74,8.09,7.36,7.11,7.51,6.73,6.8,7.34,6.35,6.99,7.35,6.84,7.02,8.48,7.47,6.73,6.61,6.7,6.98,7.53,6.67,6.59,6.68,6.58,7.36,6.94,6.62,6.94,6.98,6.81,6.8,6.95,7,6.61,6.54,6.56,6.94,6.42,6.23,6.57,6.96,6.74,6.89,6.8,6.14,6.59,6.16,6.71,6.91,6.56,6.62,6.72,6.9,7.5,7.55,7.72,7.3,8.05,7.54,7.84,8.31,7.98,7.8,7.77,7.53,7.8,7.3,8.22,7.83,7.45,7.81,7.59,7.75,7.79,7.69,7.81,15589040
Milk,1 litre,Milk,2.79,2.81,2.82,2.82,2.82,2.82,2.81,2.8,2.8,2.81,2.82,2.82,2.81,2.82,2.8,2.8,2.79,2.81,2.82,2.84,2.94,2.98,2.96,2.96,2.98,2.98,2.98,2.97,2.95,2.96,2.94,2.95,2.95,2.95,2.97,2.97,3,3,3.06,3.02,3.01,3,3.01,3.01,3.04,3.05,3.04,3.05,3.08,3.16,3.16,3.15,3.15,3.15,3.15,3.13,3.14,3.16,3.16,3.17,3.16,3.31,3.34,3.35,3.34,3.35,3.34,3.34,3.47,3.45,3.46,3.46,3.45,3.56,3.59,3.58,3.55,3.59,3.58,3.56,15589043
Milk,2 litres,Milk,3.76,3.78,3.77,3.78,3.76,3.74,3.76,3.75,3.74,3.72,3.73,3.74,3.74,3.75,3.72,3.73,3.73,3.72,3.74,3.72,3.7,3.71,3.7,3.69,3.68,3.69,3.69,3.68,3.68,3.69,3.7,3.69,3.68,3.68,3.68,3.69,3.72,3.75,3.78,3.78,3.79,3.79,3.81,3.82,3.86,3.86,3.83,3.79,3.79,3.88,3.9,3.91,3.92,3.92,3.93,3.94,3.92,3.91,3.92,3.93,3.92,4.18,4.21,4.21,4.22,4.25,4.49,4.52,4.75,4.7,4.72,4.75,4.73,4.91,4.95,4.94,4.95,4.97,4.99,4.98,15589053
Soy milk,1.89 litres,Milk,3.98,3.96,4.07,3.99,3.88,4.07,4.13,3.9,3.97,3.86,4.07,3.89,3.78,3.85,3.9,3.67,3.77,3.7,3.88,3.63,3.58,3.69,3.78,3.84,3.67,3.97,4,3.76,3.94,3.9,3.89,3.84,3.83,3.77,3.77,4.02,3.84,3.84,3.98,3.81,4.08,3.84,3.9,3.97,3.97,4.1,3.78,3.96,3.78,3.96,3.92,3.79,4.05,4.19,3.99,4.04,3.96,3.77,3.7,4.04,3.84,3.99,4.18,4.11,4.31,4.37,4.36,4.22,4.34,3.92,4.44,4.34,4.65,4.44,4.34,4.74,4.44,4.64,4.33,4.51,15589056
Eggs,dozen,Dairy,3.4,3.43,3.52,3.47,3.33,3.28,3.63,3.47,3.41,3.56,3.34,3.49,3.09,3.61,3.36,3.5,3.37,3.48,3.53,3.67,3.52,3.38,3.47,3.16,3.45,3.57,3.29,3.26,3.45,3.43,3.33,3.45,3.59,3.59,3.51,3.32,3.64,3.36,3.3,3.94,3.96,3.97,4.01,4.06,4.05,4.08,4.07,4.06,4.05,4.1,4.23,4.24,4.26,4.26,3.59,4.34,3.77,4.37,4.08,4.47,4.26,4.24,4.28,4.75,4.85,4.53,5.02,5.04,5.09,5.12,4.56,4.79,4.43,4.79,4.2,5.01,5.06,5.09,5.16,4.87,15589060
Nut milk,1.89 litres,Milk,3.85,3.95,3.91,3.88,3.96,3.99,4.01,3.88,3.95,3.88,3.99,3.88,3.83,3.76,3.76,3.63,3.77,3.68,3.83,3.7,3.64,3.7,3.76,3.78,3.66,3.86,3.89,3.8,3.87,3.91,3.93,3.73,3.74,3.8,3.79,3.9,3.81,3.86,3.98,3.88,3.95,3.89,3.9,3.95,3.93,4.04,3.93,4.03,3.88,4,3.97,3.86,4.03,4.12,4.02,4.01,3.99,3.85,3.8,4.03,3.93,4,4.08,4.11,4.26,4.39,4.26,4.31,4.34,4.38,4.38,4.36,4.6,4.42,4.4,4.7,4.44,4.73,4.36,4.45,15589063
Cream,1 litre,Dairy,4.56,4.51,4.92,5.02,4.66,4.64,4.72,4.72,4.91,4.87,4.79,4.95,4.79,4.93,4.72,4.69,4.96,4.86,4.8,4.97,4.93,5.12,5.1,5.14,5.15,4.9,4.86,4.92,4.7,4.74,4.92,4.94,4.94,4.86,4.83,5.04,4.8,5.14,5,5.05,5.12,5.25,5.27,5.18,5.33,5.35,5.12,5.06,5.13,5.09,4.96,4.99,5.19,5.14,5.43,5.53,5.49,5.21,5.26,5.48,5.37,5.2,5.25,5.72,5.83,5.66,5.52,5.46,5.73,5.49,5.44,5.41,5.67,5.72,5.82,5.56,5.81,6.11,6.03,5.79,15589066
Butter,454 grams,Dairy,5.05,4.96,4.95,4.4,5.35,5.24,4.54,5.24,4.23,4.67,4.68,5.29,5.28,5.19,4.07,4.54,5.23,4.41,4.29,4.51,3.99,4.73,4.33,4.72,5.03,4.5,4.78,4.24,4.61,4.27,4.64,4.36,4.14,4.32,4.01,4.37,4.26,4.8,4.62,4.7,4.87,4.72,4.36,4.1,4.87,5.3,4.96,5.29,4.52,5.12,4.43,5.17,5.25,5.38,5.18,5.47,4.9,5.23,4.8,5.35,5.21,5.69,5.6,5.53,5.92,6.16,5.93,5.61,5.98,5.62,5.97,6.71,6.11,6.32,6.08,6.53,6.49,6.22,6.37,5.95,15589069
Margarine,907 grams,Dairy,4.32,4.26,4.06,4.29,4.43,4.06,4.32,4.3,4.61,4.66,4.32,4.13,4.14,4.38,4.02,4.5,4.48,4.19,4.37,4.5,4.28,4.1,4.54,4.6,4.11,4.64,4.6,4.67,4.57,4.57,4.52,4.77,4.48,4.47,4.07,4.24,4.31,4.16,4.48,4.48,4.4,4.38,4.16,4.53,4.76,4.59,4.4,4.38,4.34,4.64,4.46,4.87,4.91,5.01,4.97,5.11,5.02,5.02,5.26,5.08,5.43,5.35,6.14,6.33,6.19,6.66,6.75,7.23,6.95,7.03,7.14,7.3,7.22,6.85,7.25,7.22,7.27,7.52,7.8,7.61,15589073
Block cheese,500 grams,Dairy,6.01,6.19,5.99,5.3,5.79,6.01,5.85,5.95,5.52,5.46,5.74,5.32,5.52,5.8,5.25,5.93,5.85,5.83,5.7,6.1,5.78,5.38,5.15,5.21,5.62,5.64,6.06,5.46,5.79,5.82,6.02,5.8,5.8,5.4,5.83,5.36,5.92,5.74,6.04,6.27,5.97,6.16,6.07,5.84,5.69,5.76,5.72,6.04,5.99,6.19,5.78,6.05,6.26,6.52,6.2,6.31,6.3,6.14,6.12,5.98,6.41,6.57,6.9,6.52,6.83,6.77,6.41,6.84,6.71,6.52,6.65,6.29,6.83,6.59,6.62,6.65,6.58,6.86,6.86,6.76,15589076
Yogurt,500 grams,Dairy,2.94,3.12,3.18,3.2,3.21,3.13,3.21,3.27,3.18,3.34,3.2,3.43,3.05,3.17,3.06,3.22,3.14,3.16,3.26,3.15,3.08,3.19,3.32,3.26,3.24,3.27,3.39,3.2,3.23,3.27,3.16,3.14,3.19,3.19,3.17,3.12,3.15,3.14,3.21,3.18,3.16,3.29,3.2,3.32,3.38,3.38,3.42,3.26,3.19,3.23,3.26,3.34,3.3,3.3,3.45,3.47,3.49,3.46,3.47,3.4,3.43,3.38,3.51,3.61,3.64,3.74,3.71,3.65,3.58,3.58,3.75,3.78,3.77,3.75,3.78,3.83,3.8,3.83,4,3.89,15589081
Apples,per kilogram,Fruits,5.37,5.28,5.16,5.43,5.29,5.48,5.4,5.51,5.23,4.7,4.74,4.68,5.17,5.14,5.1,5.3,5.4,5.58,5.49,5.5,5.32,4.55,5.38,5.5,5.69,5.48,5.63,5.51,5.75,5.85,6.1,6.31,5.84,5.48,5.79,5.74,5.88,5.69,6.05,5.67,6,6.02,6.05,6.27,5.57,5.84,6.1,6.3,6.23,5.87,6.22,6.3,6.47,6.39,6.21,6.45,6.37,5.99,6.28,6.55,6.28,6.39,6.11,6.28,6,6.39,6.89,7.15,7.02,6.42,7.07,6.78,6.16,6.97,7.03,6.56,6.88,6.97,7.15,7.48,15589087
Oranges,per kilogram,Fruits,4.16,4.05,4.25,4.59,4.85,5.06,4.23,4.57,4.25,3.82,4.24,4.48,4.62,3.57,4.38,4.06,4.26,4.29,4.17,4.2,3.98,3.83,5.06,4.87,4.43,4.44,4.96,4.55,4.79,4.3,4.59,4.36,3.97,4.47,4.81,5,4.34,4.11,4.66,4.86,4.95,5.34,4.95,4.3,4.55,4.74,4.51,5.18,4.51,4.83,4.35,4.03,5.13,5.13,5.01,4.97,5.19,5.19,5.03,5.31,4.71,5.07,5.37,5.22,5.19,4.12,5.35,5.55,6.03,6.22,6.27,5.62,5.8,5.51,5.65,5.76,5.88,6.06,5.8,6.1,15589340
Oranges,1.36 kilogram,Fruits,5.29,5.65,5.32,5.38,6.49,6.63,6.12,5.81,5.09,5.17,6.08,5.91,5.7,5.29,5.87,5.36,6.2,6.24,6.18,5.63,5.32,5.22,6.48,6.18,5.95,5.94,5.75,5.66,5.91,5.51,5.86,5.85,5.39,5.3,5.76,5.63,4.59,5.23,5.28,5.46,5.83,6.37,6.14,5.96,5.58,6.11,5.75,6.38,5.12,5.52,5.64,5.55,5.45,6.02,6.02,6.15,5.32,5.67,5.5,6.12,5.73,6.84,5.93,6.7,6.54,6.27,6.81,6.95,6.73,6,7.24,7.27,6.83,6.89,6.26,7.18,7.26,7.73,7.63,7.84,15589344
Bananas,per kilogram,Fruits,2.11,2.15,2.15,2.14,2.16,2.16,2.14,2.14,2.13,2.13,2.07,2.1,2.12,2.17,2.16,2.16,2.16,2.15,2.15,2.12,2.1,2.06,2.05,2.03,2.05,2.08,2.09,2.09,2.08,2.1,2.06,2.04,2.06,2.07,2.06,2.05,2.09,2.12,2.07,2.06,2.09,2.1,2.05,2.04,2.11,2.14,2.08,2.04,2.09,2.09,2.07,2.06,2.08,2.07,2.05,2.01,2.06,2.01,2.02,2.08,2.14,2.07,2.12,2.17,2.18,2.16,2.14,2.15,2.15,2.18,2.15,2.15,2.17,2.17,2.16,2.22,2.18,2.19,2.17,2.16,15589351
Pears,per kilogram,Fruits,5.32,5.38,5.36,4.85,5.1,5.21,5.21,5.05,4.81,4.39,4.82,4.88,5.17,4.92,5.29,5.21,5.37,5.19,4.96,4.79,5.47,5.11,4.72,5.27,5.46,5.14,5.31,5.14,5.3,5.64,4.85,4.91,4.75,5.45,5.21,5.58,5.56,5.88,5.86,6.02,6.05,5.83,5.61,5.62,6.03,6.04,5.83,6,5.91,5.77,6.21,6.03,6.01,5.65,5.91,6.06,6.25,6.48,6.5,6.76,6.52,6.34,6.56,6.36,6.33,6.47,6.57,7.2,7.14,6.52,7,7.17,6.96,7.08,6.98,6.92,6.77,6.44,6.78,7.28,15589354
Lemons,unit,Fruits,1.1,1.14,1.17,1.16,1.17,1.2,1.17,1.09,1.04,1.01,0.96,1.07,1.01,1,1.05,1.03,0.97,1.01,1.02,1.06,1.04,0.93,0.98,0.84,1.04,1.03,0.99,0.97,0.99,1.02,0.99,1.01,1,0.97,1.01,1.02,0.95,0.91,1.04,1.05,1.1,1.08,1.08,1.12,1.09,1.1,1.09,1.06,1.04,1,0.98,0.99,1.01,1.03,1.1,1.01,1.02,0.99,0.99,1.03,0.94,1.04,1.02,1.02,1.04,1.01,0.97,1.03,1.13,1.15,1.13,1.13,1.12,1.17,1.13,1.19,1.17,1.26,1.25,1.31,15589361
Limes,unit,Fruits,0.76,0.85,0.89,0.9,0.9,0.87,0.81,0.82,0.82,0.7,0.69,0.8,0.56,0.82,0.87,0.87,0.9,0.87,0.89,0.86,0.85,0.76,0.8,0.83,0.67,0.75,0.81,0.89,0.9,0.9,0.9,0.89,0.8,0.82,0.79,0.87,0.82,0.79,0.88,0.84,0.86,0.85,0.82,0.86,1,0.99,0.96,0.95,0.88,0.85,0.86,0.9,0.92,0.95,0.99,0.94,1,0.95,0.86,0.97,0.87,1.13,1.28,1.56,1.57,1.15,1.07,1.06,1.07,1.05,1.13,1.11,0.94,1.04,1.07,1.25,1.46,1.49,1.36,1.36,15589365
Grapes,per kilogram,Fruits,9.21,7.53,7,7.1,7.92,5.91,6.35,5.67,6.27,6.2,6.62,6.81,8.58,6.68,6.08,6.57,7.32,6.4,7.54,7.35,6.65,6.66,5.91,6.69,6.99,6.9,6.98,6.08,7.5,7.07,5.83,6.17,5.99,6.1,5.93,6.63,6.7,6.5,6.8,7.28,7.9,7.14,7.51,7.37,7.32,7.08,8,7.22,7.77,7.33,7.91,7.98,9.09,8.36,8.11,7.96,7.28,7.23,7.15,8.01,8.26,9.42,8.82,8.21,9.04,8.43,8.7,8.2,7.41,7.19,8.39,8.73,9.04,9.15,8.81,8.23,11.37,9.6,8.21,7.83,15589367
Cantaloupe,unit,Fruits,3.36,3.02,3.01,3.31,3.18,3.63,3.58,2.9,2.99,3.39,3.13,3.37,3.9,3.27,2.92,3.62,3.27,3.53,3.25,3.18,3.14,2.48,4.04,3.41,3.53,3.07,3.56,3.77,3.5,4.28,4.15,3.17,3.39,3.71,3.74,3.69,3.58,3.51,3.58,3.83,4.05,4.04,4.01,3.38,3.3,4.55,4.36,3.57,4.17,4.33,3.64,3.81,3.72,3.57,3.85,3.41,3.57,3.84,4.6,4.15,4.3,4.41,4.23,4.9,5.16,4.95,4.75,3.96,4.91,4.7,5.23,4.83,4.96,5.42,5.12,5.16,5.28,5.22,4.95,3.79,15589374
Strawberries,454 grams,Fruits,4.58,4.04,4.23,3.49,3.56,3.78,4.13,4.24,3.78,3.82,4.73,5.6,4.58,3.75,3.77,4.64,3.36,3.77,3.96,3.65,3.62,3.54,4.71,6.7,5.34,4.5,3.39,3.94,3.82,4.1,3.92,3.7,3.97,4.36,5,5.95,4.78,3.75,4.52,4.12,3.77,3.53,4.36,5.08,5.04,5.74,6.15,5.93,4.53,5.05,3.56,4.16,4.92,4.24,4.36,5.03,4.7,4.9,6.22,6.72,5.85,4.77,4.01,4.93,4.81,5.1,5.22,4.91,5.14,6.12,7.12,7.19,5.66,5.39,4.45,5.63,4.56,4.52,5.06,5.71,15589375
Avocado,unit,Fruits,2.06,1.85,2.12,2.29,2.28,2.08,2.16,2.28,2.13,1.97,1.45,1.68,1.38,1.66,1.88,2.01,1.86,1.79,1.62,1.67,1.76,1.46,1.51,1.75,1.69,1.7,1.57,1.92,2.05,2.14,2.13,1.97,1.82,1.78,1.92,1.98,1.91,1.91,1.79,1.94,2.1,2.03,2.1,1.89,1.97,1.72,1.71,1.39,1.53,1.59,1.77,1.75,1.74,1.86,2.13,1.9,1.84,1.78,1.86,1.88,1.66,2.04,2.36,2.21,2.61,2.48,2.21,1.95,1.56,1.85,1.94,1.86,1.8,1.62,1.71,1.83,1.8,1.9,1.96,2.06,15589384
Potatoes,4.54 kilogram,Vegetables,4.31,4.18,4.46,4.08,4.71,5.15,6.43,5.57,5.1,4.22,4.18,4.78,3.86,4.64,4.7,4.11,4.24,5.1,6.17,5.63,4.59,4.62,4.63,4.47,4.77,5.11,4.3,4.89,5.36,5.37,5.82,5.64,5.36,4.02,4.97,3.78,4.62,5.38,5.28,5.65,5.97,5.88,5.49,5.4,5.73,5.85,5.2,3.38,4.17,5.02,4.88,5.53,5.98,5.45,5.21,5.38,4.98,5.02,5.02,5.38,5.45,5.38,5.18,5.38,5.82,5.67,6.5,6.05,5.89,5.04,5.84,5.23,5.97,5.72,5.84,6.22,6.5,6.84,6.29,6.83,15589388
Potatoes,per kilogram,Vegetables,3.74,3.82,3.93,3.98,4.58,4.54,4.55,4.57,4.21,4.14,4.39,4.13,4.4,4.01,3.85,3.79,3.9,4.07,4.15,4.1,4.19,4.17,4.13,4.12,4.22,4.05,4.18,4.11,4.21,4.91,4.8,4.59,4.97,4.72,4.79,4.63,4.85,4.75,4.49,4.6,4.76,4.76,4.92,4.85,4.45,4.48,4.48,4.41,4.71,4.45,4.43,4.55,4.93,4.4,5.03,5.05,5.1,5.07,5.25,4.71,4.71,4.96,4.83,4.9,5.17,5.61,5.71,5.64,5.58,5.51,5.77,5.29,5.37,5.44,5.38,5.13,5.57,5.51,5.77,5.69,15589394
Sweet potatoes,per kilogram,Vegetables,4.29,4.61,4.89,4.34,4.61,4.67,4.82,4.99,4.88,3.98,4.66,3.5,4.62,4.81,3.85,4.7,5,5.13,4.96,5.17,4.82,4.32,4.82,4.13,4.47,4.49,5.16,4.22,5.17,4.79,4.83,4.92,5.21,4.68,4.96,4.39,5.05,4.77,5.03,4.87,5.35,5.29,5.29,5.02,5,4.04,4.62,4.2,4.55,4.88,4.93,4.94,4.97,4.55,5.13,4.68,4.53,3.87,4.39,3.88,4.05,4.53,4.62,4.22,4.55,4.68,4.78,4.76,4.49,4.26,4.74,4.12,4.89,4.79,4.68,4.46,5.01,4.92,5.06,5.35,15589400
Tomatoes,per kilogram,Vegetables,5.6,5.34,5.14,4.75,4.92,4.93,4.84,4.4,4.5,4.71,4.94,6.03,6.92,6.1,5.85,5,4.73,4.47,4.77,4.33,4.21,4.21,5.04,6.15,6.63,5.68,5.59,5.21,4.77,4.46,4.8,4.58,4.36,4.72,5.91,6.54,7.51,7.52,7.63,6.68,5.73,6.42,6.76,6.48,7.12,7.07,7.12,7.33,7.77,7.38,6.56,5.15,4.77,5.09,5.24,5.22,5.37,5.29,6.39,6.9,6.78,6.81,6.31,5.48,5.5,5.32,6.09,5.82,5.89,5.29,7.86,8.46,8.42,8.08,7.19,6.57,6.47,5.98,6.43,6.15,15589406
Cabbage,grams,Vegetables,2.2,2.13,2.2,2.13,2.43,2.56,2.42,2.29,2.33,2.17,2.29,2.08,2.2,2.19,2.23,2.4,2.33,2.42,2.4,2.3,2.27,2.33,2.24,2.25,2.56,2.54,2.22,2.63,2.93,3.14,3.11,2.9,2.53,2.22,2.34,2.12,2.45,2.4,2.19,2.17,2.62,2.87,2.97,2.78,2.75,2.53,2.44,2.44,2.53,2.81,2.4,2.61,2.69,2.7,2.64,2.52,2.33,2.24,2.31,2.42,2.4,2.63,2.49,2.47,2.41,2.55,2.86,2.5,2.63,2.72,2.9,2.82,2.69,2.94,2.87,2.86,2.99,3.15,2.92,2.82,15589408
Carrots,1.36 kilogram,Vegetables,3.06,3.23,3.3,3.14,3.09,3.81,3.84,3.54,2.89,2.95,2.9,3.12,3.05,2.72,3.65,3.59,4.01,4,3.54,3.31,2.98,2.35,2.9,2.77,2.78,2.79,3.22,3.4,4.03,4.58,4.46,3.86,3.07,3.05,3.01,2.64,2.89,2.74,2.82,3.24,3.86,4.17,4.6,4.22,3.51,3.56,3.8,2.82,3.69,3.53,3.63,3.87,4.42,4.3,4.21,3.8,3.53,3.06,3.21,3.38,3.44,3.54,3.55,4.1,4.39,4.71,4.64,4.51,4.15,2.9,3.64,3.82,4.14,4.4,4.09,4.32,4.56,4.68,4.57,4.16,15589419
Onions,per kilogram,Vegetables,5.51,5.27,5.26,5.1,5.08,5.04,5.18,5.1,5.05,5,4.9,5.06,5.17,5.1,5.08,5,5.03,5.08,5.19,5.31,5.12,4.83,4.86,5.05,4.84,5.05,5.12,5.21,5.34,5.72,5.8,5.79,5.11,4.91,4.86,4.89,4.78,4.85,4.89,4.93,4.57,4.79,5.15,4.99,4.78,5.09,5.12,5.39,5.07,5.2,5.14,4.61,4.86,4.85,5.25,5.52,5.21,5.19,5.32,5.45,4.87,5.38,5.58,5.9,6.08,6.09,6.05,5.99,5.77,5.75,5.54,5.87,5.83,5.88,5.82,5.76,5.61,5.81,6.15,6.12,15589422
Onions,1.36 kilogram,Vegetables,3.61,3.65,3.6,3.75,3.74,3.85,4.27,4.26,3.51,3.61,3.41,3.66,3.48,3.1,3.55,3.54,3.58,3.82,4.11,3.97,3.56,2.97,3.22,3.14,3.24,3.23,3.71,3.61,4.06,4.44,4.61,4.62,3.65,3.64,3.57,3.12,3.34,3.11,3.16,3.49,3.78,4.13,4.19,4.13,3.89,4.04,4.23,3.19,4.1,3.97,4.16,4.02,4.6,4.07,4.2,4.73,4.13,3.63,3.77,3.87,3.94,4.35,4.37,4.78,5.23,5.29,5.32,5.24,5.06,3.43,4.34,4.43,4.71,4.92,4.71,4.79,4.89,4.92,5.09,4.81,15589428
Celery,unit,Vegetables,3.32,2.99,3.08,2.97,3.66,3.97,3.69,3.11,2.74,2.6,2.89,3.13,3.35,3.33,3.19,2.77,3.02,3.21,3.3,3.05,3.03,2.74,3.04,3.43,3.01,3.56,3.77,4.71,5.29,5.57,4.26,3.2,3.04,3.14,3.3,3.53,3.6,3.32,3.4,3.31,3.5,3.43,3.37,3.12,3.14,3.45,3.49,3.42,3.64,3.71,3.43,3.3,3.42,3.46,3.19,2.93,2.58,2.94,3.52,3.61,3.54,3.71,3.63,3.5,3.74,3.85,3.54,3.11,3.11,3.46,4.2,4.62,5.1,4.8,4.84,4.76,4.66,4.88,4.22,3.62,15589432
Cucumber,unit,Vegetables,2.19,1.96,2.12,2,1.95,1.89,1.92,1.8,1.8,1.9,1.95,2.27,2.3,2.27,1.85,1.58,2.01,2.1,1.86,2.1,1.98,1.92,1.93,2.02,2.34,2.22,1.97,1.68,1.77,1.76,1.71,1.87,1.94,2.07,2.15,2.26,2.32,2.36,2.03,1.92,1.91,1.89,1.96,2.01,2.07,1.96,2.23,2.13,2.37,2.34,1.94,1.65,1.68,1.84,2.05,1.98,1.83,1.91,2.17,2.19,2.07,2.29,1.99,1.62,2.04,1.99,2.09,1.86,2.04,1.97,2.35,2.22,2.43,2.49,2.37,2.11,2.11,1.92,2.04,2.07,15589438
Mushrooms,227 grams,Vegetables,2.43,2.15,2.35,2.27,2.38,2.27,2.29,2.43,2.33,2.18,2.1,2.16,2.23,2.07,2.23,2.42,2.41,2.42,2.4,2.36,2.47,2.27,2.21,2.21,2.29,2.37,2.24,2.46,2.19,2.5,2.42,2.5,2.51,2.38,2.58,2.41,2.36,2.32,2.44,2.6,2.61,2.6,2.55,2.69,2.88,2.78,2.51,2.64,2.66,2.64,2.71,2.67,2.56,2.79,2.85,2.85,2.79,2.73,2.78,2.85,2.91,2.84,2.79,2.81,3.01,2.87,3.08,2.94,3.04,2.89,3.04,2.9,3.04,2.98,3.03,2.89,2.91,3.01,3.16,3.08,15589442
Iceberg lettuce,unit,Vegetables,2.57,2.6,2.57,3.35,3.35,3,2.72,2.17,2.12,2.62,2.87,2.98,2.86,2.84,2.75,2.76,2.73,2.53,2.45,2.56,2.57,2.48,2.8,3.45,3,2.95,3.03,2.89,2.91,2.77,2.38,2.43,2.28,2.73,3.23,3.14,3.18,3.14,3.31,3.36,3.18,3.24,2.78,2.49,2.64,3.24,3.47,3.38,3.49,3.57,3.3,2.99,3.12,3,2.48,2.44,2.61,3.17,4.3,3.58,3.12,3.24,3.76,3.77,3.35,3.34,2.58,2.56,2.95,3.69,4.82,4.93,4.72,4.23,3.74,3.86,4.31,3.61,3.21,3.2,15589449
Romaine lettuce,unit,Vegetables,2.97,3.27,3.23,3.69,3.76,2.64,2.33,2.3,2.36,2.46,2.87,2.78,2.71,3.14,2.96,3.03,2.92,2.53,2.23,2.42,2.36,2.84,2.99,3.76,3.13,3.42,3.34,3.14,3.21,3.26,2.47,2.47,2.71,3.01,3.25,3.47,3.34,3.04,3.4,3.39,3.57,3.46,2.78,2.47,2.79,3.72,3.83,3.71,3.93,3.92,3.52,3.51,3.27,2.73,2.2,2.16,2.4,2.84,3.85,3.81,3.58,3.81,4.22,4.35,3.89,3.28,2.28,2.44,2.97,3.96,4.93,4.75,4.72,3.98,4.18,4.34,4.43,3.4,2.89,2.62,15589450
Broccoli,unit,Vegetables,2.8,2.67,2.71,2.79,3.21,2.92,2.61,2.52,2.35,2.66,2.36,3.15,3.23,2.67,2.87,2.98,3.04,2.97,2.85,2.29,2.27,2.47,2.8,2.98,2.75,3.05,2.86,2.79,3,3.07,2.81,2.64,2.92,2.74,3.36,2.79,3.27,3.17,3.22,3.2,3.21,3.48,3.09,2.92,2.95,3.15,3.62,3.37,3.53,3.33,3.25,3.28,3.28,3.2,2.77,2.78,2.91,3.09,3.52,3.56,3.54,3.76,3.19,3.67,3.2,3.72,3.2,3.21,3.33,3.51,3.9,3.62,4.32,4.27,4.34,4.41,4.57,3.96,3.55,3.12,15589453
Peppers,per kilogram,Vegetables,7.56,7.15,7.37,7.18,7.36,7.52,7.62,7.25,7.19,7.29,8.23,8.63,8.97,8.2,8.76,8.35,8.06,8.74,8.6,8.26,7.27,7.85,8.79,9.25,9.03,9.06,9.53,8.64,7.75,8.82,8.74,6.44,6.7,7.31,8.36,8.22,8.45,8.83,9.27,8.65,8.77,9.04,9.98,7.96,8.49,9.21,9.43,9.38,9.68,9.9,8.95,7.3,8.07,8.4,8.78,7.78,7.82,7.93,9.02,8.52,8.87,8.77,8.33,8.7,8.89,9.33,9.1,7.93,7.41,8.09,10.01,10.16,10.23,10.15,10.23,9.43,9.52,9.52,9.35,8.5,15589458
Squash,kilograms,Vegetables,3.82,3.93,4.11,4.21,4.55,4.8,5.26,5.03,3.65,3.22,3.57,3.27,4.31,4.66,4.78,4.79,4.84,4.91,5.14,4.58,3.66,3.41,3.77,3.96,4.67,4.59,4.66,4.93,5.85,5.77,6.04,5.78,4.12,3.79,4.05,3.98,4.95,4.9,4.9,5.3,5.57,6.2,6.35,5.91,3.93,3.66,3.93,3.78,4.93,5.2,5.03,5.19,5.06,4.99,4.95,4.53,3.93,3.91,4.18,4.38,4.55,5.32,5.3,4.74,5.37,5.67,5.86,5.64,4.54,4.32,4.84,4.89,5.28,6.12,6.6,6.63,6.81,6.84,6.82,6.01,15589461
Salad greens,142 grams,Vegetables,4.69,4.61,4.66,4.56,4.63,4.68,4.71,4.58,4.55,4.49,4.43,4.2,4.72,4.39,4.4,4.45,4.58,4.7,4.75,4.35,4.72,4.44,4.71,4.53,4.11,4.25,4.47,4.36,4.58,4.44,4.31,4.37,4.48,4.34,4.34,3.99,4.53,4.2,4.46,4.44,4.37,4.51,4.37,4.21,4.72,4.69,4.65,3.92,4.46,4.54,4.62,4.44,4.48,4.62,4.77,4.77,4.43,4.44,4.84,4.45,4.45,4.57,4.69,4.52,5.05,5.05,4.74,4.63,4.86,4.81,5.04,4.51,4.93,4.43,4.79,4.66,4.96,4.73,4.79,4.91,15589464
Meatless burgers,226 grams,Frozen Foods,3.91,3.9,4,3.86,3.94,4.03,4.11,3.97,4.04,4.01,3.86,4.22,4.03,4.01,3.97,3.9,4.07,4.09,4.13,4.2,4.15,4.27,4.13,4.18,4.25,4.08,4.45,4.51,6.64,5.76,6.09,5.98,5.78,5.87,5.25,5.19,4.88,4.87,5.4,5.79,5.65,5.94,5.8,5.61,5.71,5.82,5.57,5.6,5.52,5.44,5.55,4.83,5.48,5.76,5.74,5.71,5.67,5.72,5.85,5.89,5.35,5.38,5.4,5.67,5.44,5.42,5.69,5.97,5.84,5.94,6.17,6.54,5.55,6.05,5.99,5.96,6,6.07,6.17,6.26,15589469
Frozen french fried potatoes,750 grams,Frozen Foods,1.98,1.92,2.03,2,2.08,2.05,2.05,2.06,2.07,2.03,2.02,2.03,1.89,1.94,1.97,2.05,2.02,2.04,2.1,2.07,2.03,2.08,2.03,2.07,2.17,2.11,2.1,2.2,2.26,2.27,2.24,2.28,2.35,2.37,2.35,2.32,2.33,2.17,2.36,2.34,2.31,2.38,2.23,2.3,2.38,2.47,2.44,2.37,2.29,2.37,2.34,2.38,2.37,2.4,2.42,2.41,2.45,2.49,2.46,2.55,2.42,2.53,2.43,2.64,2.68,2.7,2.73,2.82,2.91,2.89,2.81,2.8,2.88,3.1,3.28,3.22,3.23,3.1,3.26,3.31,15589473
Frozen green beans,750 grams,Frozen Foods,3.48,3.21,3.94,3.75,4.29,4.21,4.19,4.19,3.94,3.8,3.69,3.71,3.72,3.63,3.56,3.75,3.53,3.87,4.15,3.73,3.77,3.86,4.05,3.97,4.23,3.93,3.88,3.97,4.08,4.09,4.2,3.85,3.95,3.88,4,3.96,3.96,3.78,3.91,4.22,4.34,4.33,4.24,4.24,3.8,3.96,3.69,3.6,3.57,4.16,4.2,4.23,4.27,4.23,4.21,4.23,3.94,4,4.16,4.05,4.26,4.3,4.3,4.1,4.32,4.18,4.4,4.55,4.46,4.29,4.41,4.1,4.42,4.62,4.74,4.44,4.81,4.64,4.79,4.81,15589477
Frozen broccoli,500 grams,Frozen Foods,3.19,3.18,3.23,2.57,3.44,3.32,3.56,3.29,2.81,3.16,2.99,3.04,3.2,2.85,2.82,3.09,2.72,2.85,3.33,2.99,3.06,3.21,3.04,2.79,3.19,2.89,3.2,2.86,3.35,3.39,3.36,2.97,3.35,3,3.06,2.86,2.82,3.15,3.47,3.57,3.58,3.64,3.74,3.63,3.43,3.36,3.41,3.05,3.07,3.42,3.43,3.44,3.68,3.53,3.69,3.61,3.31,3.29,3.53,3.3,3.53,3.58,3.79,3.36,3.67,3.49,3.61,3.73,3.79,3.61,3.81,3.19,3.74,3.93,3.94,3.69,3.9,3.94,3.93,4.02,15589480
Frozen corn,750 grams,Frozen Foods,2.9,2.91,3.09,2.65,3.27,3.07,3.28,3.14,2.85,3,2.87,2.85,2.88,2.75,2.7,2.86,2.65,2.87,3.12,2.56,2.97,3.03,3.06,2.93,3.19,2.93,3.02,2.94,3.24,3.21,3.27,3.04,3.26,3.05,3.11,3.11,3.06,3.06,3.18,3.39,3.42,3.44,3.47,3.36,3.11,3.13,3.08,2.85,2.85,3.39,3.35,3.38,3.43,3.39,3.41,3.36,3.15,3.13,3.33,3.22,3.41,3.37,3.46,3.18,3.36,3.29,3.41,3.42,3.48,3.43,3.54,3.23,3.37,3.62,3.74,3.47,3.75,3.67,3.72,3.88,15589483
Frozen mixed vegetables,750 grams,Frozen Foods,3.48,3.37,3.63,3.27,3.82,3.64,3.84,3.45,3.45,3.37,3.34,3.44,3.31,3.4,3.26,3.38,3.19,3.43,3.71,3.48,3.42,3.6,3.75,3.31,3.56,3.41,3.47,3.51,3.58,3.65,3.69,3.56,3.74,3.52,3.76,3.46,3.56,3.44,3.63,3.94,3.98,3.94,3.96,3.88,3.7,3.71,3.6,3.42,3.37,3.73,3.54,3.79,4,3.91,3.99,3.87,3.58,3.67,3.85,3.77,3.81,3.93,4.08,3.65,3.84,3.91,3.94,4.06,4.14,4.05,4.04,3.84,3.99,4.18,4.24,3.9,4.33,4.3,4.39,4.42,15589488
Frozen peas,750 grams,Frozen Foods,2.95,2.98,3.13,2.69,3.31,3.13,3.36,3.16,2.9,2.97,2.9,2.88,2.86,2.79,2.69,2.87,2.67,2.96,3.17,3.03,3,3.04,3.13,2.95,3.17,2.98,3.12,3.01,3.23,3.3,3.28,3.11,3.3,3.13,3.15,3.11,3.16,3.07,3.2,3.37,3.38,3.4,3.49,3.39,3.1,3.1,3.04,2.88,2.89,3.34,3.22,3.3,3.39,3.28,3.3,3.26,3.07,3.12,3.28,3.2,3.35,3.32,3.43,3.1,3.05,3.08,3.27,3.49,3.45,3.5,3.64,3.49,3.48,3.67,3.76,3.61,3.76,3.73,3.81,3.93,15589495
Frozen pizza,390 grams,Frozen Foods,3.72,3.87,3.53,3.97,3.62,4.19,3.89,3.68,3.67,3.77,4.11,3.86,3.86,3.68,4.01,3.95,3.74,4.09,4.24,4.18,3.81,4.15,4.23,4.14,4.22,4.31,4.51,3.88,4.08,4.06,4.15,4.15,3.79,3.81,4,4.13,3.96,4.54,4.01,4.3,4.51,4.49,4.35,4.5,4.24,4.41,4.25,4.33,4.41,4.43,4.11,4.02,4.42,4.31,4.54,4.36,4.2,4.55,4.27,4.25,4.52,4.45,4.09,4.17,4.38,4.27,4.57,4.2,4.26,4.59,4.87,3.8,4.66,4.57,4.46,4.72,4.47,4.95,5.03,5.11,15589502
Frozen spinach,300 grams,Frozen Foods,1.73,1.73,1.72,1.77,1.89,1.93,1.93,1.88,1.87,1.61,1.66,1.95,1.76,1.93,1.68,1.65,1.93,1.74,1.97,1.72,1.98,1.68,1.77,1.91,1.78,1.96,1.91,1.99,1.91,1.83,1.98,1.92,1.79,1.69,1.84,1.9,1.96,1.99,2,1.95,1.96,1.94,1.98,1.92,1.73,1.61,1.84,1.8,1.74,1.82,1.84,1.96,1.96,1.93,2.03,2.03,1.99,1.94,1.94,2.08,2.08,2.07,2.12,2.12,2.15,2.04,2.09,2.31,2.49,2.38,2.41,2.33,2.24,2.5,2.56,2.33,2.42,2.46,2.41,2.43,15589509
Frozen strawberries,600 grams,Frozen Foods,4.16,4.91,4.42,5.16,4.48,4.84,4.26,4.78,4.18,4.44,4.42,4.26,4.38,3.93,4.24,4.33,4.28,3.87,4.07,4.19,4.28,4.45,4.85,4.09,4.38,4.38,4.37,4.1,4.57,4.37,4.02,4.08,4.45,4.13,4.5,3.85,4.36,4.3,4.51,4.73,4.77,4.68,4.21,4.32,4.59,4.77,4.54,4.15,4.34,4.41,4.51,4.49,4.54,4.26,4.44,4.44,4.44,4.43,4.81,5.01,4.75,4.9,4.74,4.81,4.9,4.91,5.08,5.14,5.26,4.51,4.81,4.58,5.43,5.5,5.26,5.23,5.02,4.71,5.12,5.18,15589513
White bread,675 grams,Breakfast,3.1,3.1,3.06,3.03,3.17,3.15,3.14,3.13,3.25,3.21,3.11,3.17,3.08,3.07,3.08,2.98,2.99,3,2.92,2.91,2.93,3.06,3.03,2.9,3.19,3.19,3.16,2.95,3.14,3.3,3.23,3.29,3.31,3.3,3.11,3.29,3.28,3.32,3.28,3.23,3.27,3.3,3.26,3.26,3.31,3.28,3.23,3.27,3.08,3.18,3.22,3.15,3.3,3.05,3.23,3.25,3.25,3.3,3.33,3.53,3.35,3.42,3.57,3.7,3.72,3.7,3.86,3.8,3.87,3.91,3.86,3.9,3.84,3.88,3.89,3.93,4.03,4.06,4.05,3.98,15589518
Flatbread and pita,500 grams,Breakfast,4.39,4.28,4.11,3.96,4.15,4.14,4.31,4.06,4.2,4.21,4.27,3.74,4.13,4.03,3.84,3.86,3.95,3.97,3.74,3.82,4.1,4.04,4.06,3.8,3.91,3.81,3.66,3.84,3.65,3.62,3.52,3.58,3.72,3.5,3.87,3.76,3.6,3.66,3.87,3.7,3.55,3.59,3.4,3.47,3.82,3.76,3.89,3.61,3.61,3.58,3.61,3.71,3.57,3.6,3.59,3.73,3.78,3.77,3.93,4.01,3.79,3.96,3.92,4.09,4.2,4.16,4.26,4.47,4.51,4.48,4.77,4.8,4.78,4.87,4.88,4.9,5.03,5,4.95,5.01,15589520
Crackers and crisp breads,200 grams,Snacks,2.23,2.43,2.51,2.37,2.43,2.38,2.45,2.2,2.44,2.11,2.17,2.05,2.25,2.41,2.33,2.43,2.37,2.42,2.52,2.42,2.5,2.53,2.41,2.24,2.76,2.53,2.36,2.41,2.71,2.54,2.65,2.53,2.57,2.52,2.55,2.23,2.48,2.6,2.47,2.51,2.59,2.54,2.47,2.54,2.58,2.64,2.54,2.36,2.62,2.53,2.45,2.6,2.54,2.54,2.59,2.62,2.56,2.53,2.57,2.62,2.73,2.63,2.85,2.69,2.84,2.84,2.95,2.96,3.03,2.84,3.14,3,3.17,3.11,3.05,3.1,3.05,3.07,3.2,3.22,15589523
Cookies and sweet biscuits,300 grams,Snacks,2.35,2.47,2.67,2.65,2.56,2.37,2.63,2.61,2.73,2.71,2.6,2.53,2.37,2.57,2.66,2.6,2.67,2.6,2.67,2.69,2.74,2.77,2.62,2.74,2.97,2.84,2.69,2.57,2.82,2.87,3.01,2.93,2.81,2.91,2.93,2.84,2.8,2.91,2.86,2.8,2.94,3.05,2.94,3.02,3.05,3.11,2.97,3.03,3.04,3.01,2.95,2.97,3.04,3.03,2.98,3.04,3.02,2.94,2.87,2.85,3.07,3.21,3.03,3.17,3.16,3.08,3.29,3.41,3.45,3.48,3.1,3.28,3.3,3.47,3.57,3.72,3.62,3.41,3.69,3.66,15589525
Dry or fresh pasta,500 grams,Snacks,2.11,2.08,2.2,2.32,2.03,2.14,2.23,2.06,2.52,2.33,2.39,2.39,2.12,2.09,2.45,2.04,2.46,2.24,1.89,2.31,2.28,2.27,2.27,2.69,2.14,2.19,2.02,2.31,2.56,2.18,2.45,2.19,2.09,2.52,2.63,2.38,2.38,2.24,2.41,2.6,2.75,2.94,2.46,2.16,2.45,2.35,2.54,2.51,2.3,2.53,2.72,2.32,2.77,2.27,2.35,2.12,2.88,2.71,2.82,3.01,2.71,3.03,3.48,3.07,3.25,3.37,3.51,3.32,3.74,3.66,3,3.79,3.25,3.75,4.08,4.01,3.68,3.56,3.53,4.17,15589529
Brown rice,900 grams,Breakfast,4.81,4.59,4.81,4.87,4.93,5.06,4.91,5.05,4.91,4.67,4.78,4.84,4.62,4.85,4.99,4.84,4.9,4.89,5.08,5,4.94,4.76,4.75,4.53,4.85,4.77,4.71,4.84,4.89,4.6,4.85,4.7,4.62,4.86,5.17,5.21,5.48,5.26,5.4,5.47,5.63,5.59,5.49,5.06,5.21,5.53,5.41,5.72,5.2,5.52,5.48,5.07,5.17,5.13,5.52,5.24,5.07,5.11,5.38,5.16,5.18,5.43,5.33,4.99,5.05,5.41,5.75,5.83,5.82,6.01,6.09,5.8,5.61,6.07,5.93,5.62,5.89,5.99,5.64,5.77,15589532
White rice,2 kilogram,Breakfast,8.94,8.94,9.18,9.28,9.22,9.6,9.19,9.68,9.42,9.3,9.41,9.64,9.17,9.43,9.53,9.26,9.6,9.46,9.69,9.59,9.84,9.55,9.13,8.86,9.58,9.29,9.12,9.27,9.33,9.18,9.43,9.19,9.2,9.44,9.82,10.3,10.05,9.93,10.09,10.27,10.54,10.54,10.48,10.06,10.55,10.65,10.38,10.52,10.32,10.38,10.38,9.99,10.13,10.16,10.56,10.05,9.76,10.22,10.52,10.2,10.42,11.1,10.96,10.3,10.59,10.87,11.33,10.95,11.48,11.73,11.9,11.25,10.94,11.54,11.5,11.61,11.2,11.06,11.35,11.25,15589537
Cereal,400 grams,Breakfast,3.31,3.36,3.5,3.47,3.41,3.35,3.49,3.32,3.33,3.42,3.27,3.43,3.23,3.26,3.3,3.24,3.36,3.35,3.39,3.22,3.22,3.32,3.36,3.52,3.43,3.41,3.37,3.35,3.41,3.33,3.42,3.26,3.33,3.43,3.24,3.33,3.35,3.24,3.36,3.54,3.49,3.37,3.49,3.5,3.49,3.47,3.47,3.4,3.43,3.48,3.46,3.43,3.61,3.62,3.62,3.55,3.56,3.65,3.68,3.7,3.69,3.95,4.25,4.21,4.1,4.06,4.12,4.22,4.19,4.3,4.25,4.44,4.29,4.4,4.41,4.45,4.46,4.48,4.58,4.4,15589540
Wheat flour,2.5 kilogram,Baking,4.79,4.07,3.92,4.28,4.49,3.74,3.88,4.4,3.69,4.3,3.18,4.17,4.48,3.3,3.68,4.39,4.02,4.2,3.84,4.49,3.31,3.84,3.14,4.02,4.59,4.43,3.49,3.64,3.55,3.77,4.07,4.7,3.33,3.51,4.7,3.36,4.59,4.11,4.34,4.68,5.32,5.24,5.24,4.99,5.09,4.49,4.77,4.73,4.61,4.85,3.59,3.38,4.57,3.61,4.58,4.73,3.5,4.26,4.75,3.59,3.58,4.2,4.32,5.06,5.5,4.31,4.91,4.52,5.5,5.76,5.2,5.3,5.47,5.15,5.75,5.21,5.66,4.8,6.02,5.4,15589543
White sugar,2 kilogram,Baking,2.03,2.17,2.25,2.33,2.57,1.9,2.67,2.64,1.89,2.07,2.22,2.29,1.96,2.38,2.05,2.42,2.1,1.89,2.49,2.19,1.95,2.48,1.96,2.12,2.02,1.66,2.05,2.26,2.1,2.03,2.18,1.94,2.03,1.75,1.95,2.25,2.29,1.66,2.3,2.09,2.08,2,2.08,2.3,1.77,1.71,2.03,1.53,1.93,1.87,1.84,2.38,2.3,2.15,2.18,2.15,2.29,2.32,2.44,2.57,2.63,2.55,2.57,2.35,2.56,2.62,2.3,2.72,2.56,2.47,2.45,3.04,2.48,2.63,2.27,2.31,2.54,2.62,2.68,3.09,15589545
Apple juice,2 litres,Drinks,2.79,2.59,2.78,2.86,2.83,2.96,2.84,2.76,2.66,2.88,2.66,2.91,2.67,2.69,2.86,2.88,2.84,2.96,2.75,2.91,2.94,3,3,3.03,2.83,3.02,2.98,2.98,3.04,3.11,2.9,3.21,2.58,2.89,3.26,2.66,3.03,3.12,3.17,3.1,2.95,3.1,3.23,3.24,3.49,3.71,3.49,3.12,3.06,3.18,3.3,3.15,3.37,3.33,3.27,3.22,3.32,3.33,3.33,3.27,3.26,3.48,3.31,3.31,3.44,3.4,3.28,3.33,3.52,3.35,3.56,3.48,3.49,3.49,3.91,3.76,4.02,4.02,3.95,3.86,15589551
Orange juice,2 litres,Drinks,3.93,4.08,3.98,4.12,4.08,4.05,4.11,4.06,4.01,3.95,3.89,4.02,3.93,3.99,3.92,3.93,3.92,3.94,3.98,3.94,3.93,4.03,4.02,3.88,4.08,4.29,4.09,4.12,4.1,4.05,4.14,4,3.87,3.98,3.84,3.88,4.19,4.25,4.4,4.39,4.51,4.34,4.33,4.19,4.52,4.59,4.14,4.02,4.32,4.49,4.23,4.24,4.2,4.21,4.19,4.32,4.42,4.38,4.24,4.28,4.35,4.48,4.78,4.44,4.57,4.45,4.42,4.57,4.45,4.25,4.35,4.41,4.45,4.39,4.88,4.53,4.97,4.86,5.02,5.02,15589558
Roasted or ground coffee,340 grams,Drinks,6.21,5.8,5.46,5.69,5.73,5.99,5.22,6.03,5.56,6.15,6.07,6.07,6.06,5.99,6.35,6.24,5.71,6.43,6.67,5.92,6.19,6.03,6.13,6.06,6.07,5.71,5.47,5.85,5.86,5.96,6.14,6.17,5.93,6.01,5.88,5.85,6.1,5.76,6.16,5.76,6.1,5.66,6.19,6.13,6.59,6.43,6.43,6,6.17,6.45,5.92,6.33,6.39,6.35,6.42,6.4,6.51,5.96,6.12,6.28,6.72,6.75,6.52,6.86,6.84,6.97,7.44,7.15,7.33,6.78,6.81,6.85,7.24,7.41,7.12,7.2,7.53,7.78,8.05,7.66,15589560
Tea,20 bags,Drinks,3.67,3.77,3.64,3.8,3.63,3.68,3.61,3.61,3.58,3.55,3.6,3.61,3.64,3.62,3.53,3.63,3.71,3.71,3.87,3.67,3.79,3.63,3.42,3.52,3.56,3.47,3.41,3.52,3.66,3.67,3.78,3.6,3.59,3.41,3.65,3.66,3.67,3.46,3.6,3.69,3.81,3.6,3.75,4.14,4.11,3.94,3.58,3.76,3.62,3.83,3.69,3.56,3.65,3.89,4.01,3.91,3.96,3.99,3.92,3.98,3.92,3.96,4.03,4.08,3.99,4.23,4.43,4.4,4.44,4.64,4.28,4.43,4.54,4.5,4.4,4.6,4.71,4.61,4.9,4.8,15589567
Vegetable oil,3 liters,Cooking oil,6.59,7,6.99,6.86,7.01,6.68,6.74,6.77,6.85,6.92,7.05,7.06,6.81,7.06,6.28,6.55,6.79,6.73,6.76,7.26,7.33,7.11,6.67,6.79,7.01,7.28,6.1,7.24,6.84,7.09,6.74,7.06,6.24,7.27,6.78,7.1,6.69,7.37,7.52,7.72,7.08,6.65,6.99,7.1,7.12,5.93,7.17,7.22,6.41,7.23,7.11,7.21,7.7,7.49,7.46,8.26,10.39,9.65,9.36,11.17,11.18,11.62,11,11.69,11.8,12.22,13.54,14.31,12.59,12.65,13.4,14.36,12.44,11.33,13,12.09,13.4,13.96,12.04,12.94,15589571
Canola oil,3 liters,Cooking oil,8.83,10.43,11.2,11.23,10.8,10.49,10.7,10.51,10.34,10.36,9.89,10.73,9.98,10.1,10.36,10.2,10.21,10.8,10.15,10.19,10.18,9.65,9.83,10.18,8.84,9.57,9.56,9.23,9.52,10.04,10.08,10.09,10.25,10.09,10.47,9.52,9.16,9.35,9.97,9.75,9.23,9.47,9.3,9.87,10.19,9.45,10.58,9.08,9.67,9.39,9.09,9.33,10.35,10.17,10.25,10.55,11.61,11.58,12.91,12.62,13.22,13.8,14.54,15.38,15.66,15.95,15.82,15.27,16.5,17.12,17.59,16.74,15.47,17.24,16.67,16.65,17.31,17.5,16.25,14.82,15589576
Olive oil,1 litre,Cooking oil,10.27,9.62,7.07,10.47,9.37,9.63,9.66,10.08,8.15,9.79,7.9,7.88,9.59,8.46,9.75,10.22,8.82,9.38,10.42,10.15,8.82,8.78,9.55,7.04,8.66,8.78,8.44,9.04,8.34,9.13,8.69,8.99,7.35,7.41,8.36,8.51,7.99,8.17,8.06,8.84,8.02,8.82,8.34,7.48,7.72,7.7,8.8,7.65,7.76,7.45,7.24,8.1,8.01,8.24,8.73,8.62,8.02,7.8,9.43,9.32,8.92,8.97,9.66,9.55,10.03,9.55,10.04,10.27,9.29,8.05,10.2,10.84,10.03,9.45,11.14,11.92,12.45,12.84,12.2,14.74,15589582
Baby food,128 mililiters,Baby Foods,1.25,1.26,1.3,1.31,1.36,1.38,1.27,1.34,1.28,1.33,1.33,1.34,1.33,1.33,1.18,1.33,1.34,1.29,1.27,1.36,1.37,1.37,1.41,1.37,1.41,1.42,1.39,1.38,1.4,1.38,1.43,1.44,1.42,1.44,1.37,1.47,1.49,1.47,1.49,1.48,1.5,1.39,1.5,1.54,1.59,1.56,1.59,1.54,1.42,1.45,1.48,1.48,1.5,1.55,1.56,1.62,1.57,1.57,1.54,1.56,1.62,1.57,1.63,1.71,1.66,1.73,1.73,1.74,1.77,1.72,1.75,1.77,1.79,1.79,1.83,1.79,1.86,1.84,1.88,1.91,15589587
Infant formula,900 grams,Baby Foods,26.74,26.29,27.41,26.36,25.64,26.87,26.6,26.07,26.32,26.81,26.91,24.95,24.9,24.45,25.53,25.9,26.34,27.27,27.36,27.49,27.76,27.59,27.38,27.83,28.91,27.88,28.17,28.39,28.08,27.1,27.03,27.01,28.01,28.6,28.3,29.05,29.55,28.62,29.71,27.81,29.24,28.87,29.39,28.52,27.17,27.14,28.82,28.08,30.33,31.71,30.69,31.46,30.26,31.06,31.51,32.13,31.11,29.08,27.11,31.24,32.24,28.53,31.48,31.98,34.98,32.69,35.8,34.23,33.99,36.63,36.17,36.45,38.03,37.96,40.12,42.7,44.35,44.61,40.91,42.53,15589592
Peanut butter,1 kilogram,Snacks,3.58,4.46,4.2,3.84,4.17,3.52,4.24,4.2,4.24,4.42,4.65,4.94,3.83,4.84,4.86,4.6,4.47,4.76,4.47,4.72,4.5,4.38,4.54,4.64,4.78,4.57,4.82,5.24,4.84,5.19,5.14,4.87,4.45,4.65,4.68,4.58,4.85,4.82,4.68,5.09,4.91,4.55,4.86,4.65,4.43,4.55,4.45,4.94,4.53,5.27,5.01,4.87,4.65,4.49,4.59,4.62,5.06,5.24,5.05,4.9,4.84,5.13,5.21,5.3,5.4,5.56,5.32,5.63,5.4,5.47,5.48,5.61,5.5,5.85,6.34,6.32,6.17,6.72,6.29,6.24,15589599
Ketchup,1 litre,Snacks,3.23,3.37,3.22,3.3,3.2,3.1,3.04,3.08,3.23,3.14,3.27,3.33,3.28,3.45,3.24,3.35,3.42,3.41,3.41,3.46,3.37,3.33,3.53,3.42,3.49,3.47,3.23,3.17,3.16,3.37,3.28,3.29,3.31,3.31,3.18,3.3,3.49,3.4,3.24,3.59,3.21,3.28,3.38,3.38,3.55,3.22,3.45,3.4,3.67,3.62,3.33,3.51,3.23,3.25,3.33,3.42,3.37,3.87,3.79,4.08,4,3.94,4.12,4.02,4.44,4.11,3.97,4.23,4.3,4.39,4.12,4.33,4.37,4.45,4.69,4.61,4.64,4.89,4.14,4.76,15589603
Mayonnaise,890 mililiters,Snacks,3.78,3.98,3.92,3.98,3.82,3.65,3.79,3.66,3.88,3.7,3.96,3.99,3.96,3.99,3.98,4.19,3.62,3.76,3.91,4.24,4.16,4.04,4.2,3.69,4.42,4.33,3.78,3.85,3.87,4.08,3.93,3.96,4.3,3.96,3.79,3.75,4.44,4.1,3.84,4.4,3.83,3.89,4.03,4.03,4.29,3.84,4.39,4.11,4.51,4.6,3.97,4.39,4.05,4.11,4.32,4.57,4.4,5.05,5.25,5.15,4.98,4.85,5.32,5.13,5.31,5.75,5.12,5.77,5.55,5.95,5.23,5.54,5.61,6.02,6.25,5.93,5.92,6.24,6.34,5.97,15589609
Canned salmon,213 grams,Canned Foods,2.77,2.6,2.6,3.06,3.1,2.39,3.03,2.63,2.84,2.31,2.67,2.95,2.87,2.51,1.5,2.87,2.81,2.9,3.09,2.9,2.97,2.6,2.95,3.4,3.59,4.01,3.95,3.43,2.76,4.36,3.62,3.82,4.81,4.98,3.12,4.14,3.93,3.83,4.58,3.92,4.75,4.17,4.99,4.69,4.79,4.84,4.22,4.47,4.5,4.73,4.79,4.38,3.89,4.38,4.93,3.94,3.82,4.68,4.14,4.45,4.97,4.59,4.61,5.08,3.93,4.55,4.86,4.14,4.39,4.12,4.76,4.26,4.18,4.22,4.96,4.67,4.86,4.51,4.87,4.89,15589619
Canned tuna,170 grams,Canned Foods,1.35,1.64,1.44,1.49,1.58,1.68,1.36,1.45,1.7,1.55,1.64,1.91,1.6,1.92,1.57,1.55,1.6,1.74,1.71,1.58,1.7,1.59,1.76,1.91,1.67,1.92,1.84,1.51,1.82,1.87,1.53,1.99,1.81,1.73,1.78,1.73,1.74,1.6,1.9,2,1.83,1.53,1.67,1.57,1.89,1.96,1.86,1.98,1.49,1.72,1.7,1.48,1.71,1.74,1.7,1.77,1.61,1.84,1.5,1.92,1.95,1.91,1.77,1.87,1.94,2.04,1.94,2.09,1.85,2.02,1.81,2.16,1.78,2,1.97,1.99,1.98,2.08,1.98,2.15,15589621
Canned baked beans,398 mililiters,Canned Foods,1.27,1.32,1.26,1.28,1.25,1.25,1.32,1.22,1.28,1.34,1.34,1.34,1.23,1.34,1.24,1.38,1.29,1.28,1.32,1.19,1.24,1.25,1.18,1.29,1.24,1.33,1.38,1.31,1.33,1.33,1.25,1.39,1.36,1.27,1.19,1.3,1.31,1.39,1.41,1.65,1.46,1.33,1.38,1.2,1.41,1.33,1.51,1.41,1.42,1.44,1.23,1.29,1.34,1.34,1.22,1.22,1.44,1.51,1.59,1.64,1.65,1.64,1.46,1.66,1.74,1.6,1.72,1.4,1.7,1.83,1.73,1.74,1.83,1.93,1.74,1.92,1.87,1.76,1.88,1.96,15589625
Canned tomatoes,796 mililiters,Canned Foods,1.35,1.27,1.35,1.26,1.42,1.56,1.52,1.3,1.55,1.22,1.44,1.37,1.22,1.2,1.34,1.28,1.36,1.37,1.22,1.24,1.39,1.38,1.35,1.66,1.41,1.5,1.49,1.51,1.27,1.56,1.34,1.61,1.7,1.48,1.45,1.59,1.43,1.43,1.68,1.56,1.62,1.88,1.83,1.66,1.83,1.81,1.37,1.62,1.33,1.65,1.66,1.61,1.72,1.58,1.51,1.75,1.64,1.68,1.42,1.71,1.47,1.51,1.53,1.56,1.54,1.73,1.84,2.03,1.7,1.83,1.64,2.01,1.8,2.05,1.93,1.93,2.15,2.28,2.18,2.18,15589631
Canned soup,284 mililiters,Canned Foods,0.79,0.85,0.91,0.83,1.24,1.16,0.93,0.82,0.83,0.84,0.93,1.22,0.87,0.8,0.88,0.79,1.23,1.18,0.83,0.77,0.82,1.11,0.77,1.36,0.78,1.07,0.9,1.33,1.31,1.23,0.96,0.73,0.77,1.05,0.9,1.36,0.95,0.95,1.11,1.47,1.43,1.35,1.27,0.72,0.87,1.24,0.98,1.3,1.25,1.37,1.27,0.81,0.98,1.04,0.84,0.9,0.94,1.39,1.05,1.47,1.06,1.17,1.4,1.35,1.3,1.5,1.53,0.96,1.35,1.65,1.14,1.76,1.29,1.66,1.6,1.87,1.53,1.51,1.73,1.19,15589632
Canned beans and lentils,540 mililiters,Canned Foods,1.27,1.26,1.31,1.36,1.33,1.4,1.37,1.31,1.33,1.3,1.32,1.32,1.29,1.3,1.27,1.31,1.24,1.26,1.32,1.21,1.29,1.44,1.41,1.42,1.42,1.43,1.48,1.54,1.5,1.5,1.46,1.5,1.5,1.42,1.39,1.49,1.42,1.49,1.53,1.46,1.39,1.49,1.48,1.44,1.55,1.52,1.53,1.35,1.37,1.38,1.42,1.48,1.46,1.43,1.46,1.45,1.48,1.45,1.53,1.53,1.49,1.57,1.63,1.66,1.72,1.67,1.67,1.79,1.78,1.69,1.71,1.8,1.87,1.9,1.87,1.98,1.91,1.97,2.01,1.81,15589634
Canned corn,341 mililiters,Canned Foods,1.11,1.05,1.06,1.07,1.09,1.05,1.07,1.09,1.08,1.09,1.09,1.05,1.08,1.03,1.01,1.07,1.09,1.14,1.06,1.11,1.11,1.12,1.12,1.08,1.16,1.18,1.18,1.19,1.2,1.21,1.21,1.3,1.24,1.17,1.3,1.21,1.31,1.22,1.26,1.36,1.42,1.48,1.55,1.45,1.45,1.44,1.35,1.19,1.28,1.39,1.42,1.41,1.41,1.34,1.38,1.4,1.33,1.22,1.36,1.13,1.4,1.44,1.36,1.19,1.47,1.53,1.55,1.76,1.82,1.34,1.55,1.21,1.41,1.88,1.52,1.46,1.74,1.77,1.83,1.8,15589637
Canned peach,398 mililiters,Canned Foods,2.09,2.11,2.03,2.04,2.15,2.06,2.09,1.95,2.07,2.07,2.03,1.95,2.19,2.09,2.15,2.23,2.19,2.21,2.36,2.31,2.32,2.07,2.01,2.1,2.13,1.97,2.01,2,2.19,2.23,2.26,2.24,2.15,2.24,2.13,2.33,2.31,2.14,2.45,2.22,2.41,2.29,2.32,2.39,2.33,2.4,2.31,2.5,2.37,2.38,2.41,2.35,2.4,2.44,2.31,2.4,2.27,2.31,2.32,2.3,2.38,2.34,2.39,2.38,2.46,2.54,2.58,2.64,2.64,2.61,2.57,2.44,2.74,2.91,3.26,3,2.95,2.97,2.88,2.87,15589639
Canned pear,398 mililiters,Canned Foods,2.03,2.08,2.01,2.02,2.04,1.94,2.01,1.9,2.01,2.05,2.01,1.97,2.09,2.05,2.11,2.15,2.15,2.18,2.26,2.01,2.03,2.05,1.98,2.04,2.05,2.03,2,1.94,2.14,2.16,2.07,2.09,2.13,2.27,2.18,2.3,2.25,2.16,2.46,2.25,2.54,2.34,2.38,2.44,2.38,2.37,2.34,2.56,2.4,2.42,2.46,2.38,2.42,2.47,2.41,2.47,2.31,2.32,2.32,2.35,2.38,2.39,2.41,2.39,2.41,2.53,2.59,2.67,2.63,2.59,2.58,2.5,2.75,2.86,2.69,2.75,2.8,2.95,2.89,2.95,15589646
Dried lentils,900 grams,Breakfast,3.15,3.32,3.25,3.48,3.7,3.51,3.6,3.46,3.56,3.5,3.54,3.43,3.53,3.43,3.45,3.57,3.46,3.38,3.35,3.18,3.26,3.02,3.2,3.24,3.07,3.19,3.21,3.06,3.18,3.21,3.05,3.25,3.44,3.33,3,3.23,3.24,3.25,3.36,3.24,3.23,3.14,3.24,3.09,3.45,3.68,3.33,3.4,3.22,3.28,3.28,3.47,3.46,3.53,3.44,3.51,3.42,3.48,3.54,3.41,3.51,3.4,3.44,3.68,3.48,3.58,3.69,3.62,3.92,3.79,3.86,4,4.08,3.91,3.94,3.98,4.02,4.06,3.98,4,15589649
Dry beans and legumes,900 grams,Breakfast,3.16,3.21,3.23,3.43,3.53,3.53,3.43,3.34,3.32,3.24,3.3,3.19,3.32,3.32,3.32,3.39,3.35,3.29,3.14,3.09,3.07,2.94,3.04,3.1,2.99,3.04,3.09,3.13,3.09,3.09,3.04,3.11,3.19,3.2,3.3,3.32,3.41,3.33,3.35,3.46,3.24,3.29,3.18,3.19,3.58,3.6,3.3,3.37,3.19,3.29,3.26,3.31,3.29,3.3,3.33,3.29,3.25,3.09,3.11,3.06,3.35,3.38,3.36,3.44,3.32,3.37,3.51,3.43,3.47,3.23,3.31,3.41,3.44,3.46,3.45,3.35,3.46,3.52,3.5,3.42,15589652
Tofu,350 grams,Breakfast,2.02,2.05,1.98,1.91,1.95,1.94,1.95,1.97,1.93,1.94,1.97,1.98,1.95,2,2,1.93,1.95,2.46,2.38,2.19,2.14,2.12,2.1,2.14,2.3,2.18,2.3,2.18,2.17,2.13,2.12,2.08,2.04,2.01,2.01,2,2.07,2.03,2.24,2.15,2.33,2.15,2.15,2.1,2.08,2.1,2.12,2.13,2.19,2.33,2.31,2.23,2.24,2.64,2.28,2.22,2.45,2.54,2.57,2.54,2.65,2.92,3,2.73,2.81,2.86,2.82,2.9,3.04,3.05,3.12,2.86,2.87,2.98,2.85,2.76,2.78,2.85,2.84,2.83,15589653
Hummus,227 grams,Dressing,3.59,3.57,3.48,3.43,3.45,3.49,3.45,3.56,3.61,3.48,3.25,3.37,3.26,3.53,3.47,3.29,3.55,3.55,3.64,3.54,3.45,3.33,3.46,3.38,3.23,3.52,3.64,3.43,3.32,3.55,3.49,3.59,3.6,3.56,3.31,3.29,3.41,3.46,3.53,3.37,3.24,3.42,3.49,3.43,3.58,3.55,3.48,3.45,3.43,3.52,3.49,3.43,3.5,3.44,3.42,3.49,3.46,3.46,3.42,3.49,3.43,3.38,3.38,3.48,3.61,3.65,3.68,3.85,3.85,3.77,3.71,3.68,3.52,3.85,3.96,4,3.9,3.98,4.04,4.1,15589658
Salsa,418 mililiters,Dressing,3.15,2.95,3.29,3.23,3.25,3.29,3.35,3.36,3.37,3.32,3.17,3.1,3.02,2.95,3.32,3.23,3.29,3.28,3.18,3.23,3.24,3.25,3.03,3.18,3.19,3.25,3.25,3.31,3.23,3.45,3.39,3.44,3.49,3.51,3.4,3.62,3.5,3.48,3.55,3.53,3.54,3.58,3.63,3.73,3.61,3.61,3.46,3.48,3.6,3.67,3.69,3.62,3.61,3.71,3.67,3.68,3.64,3.66,3.69,3.62,3.83,3.86,3.92,3.87,4,4.03,4.07,4.05,4.19,4.21,4.28,4.29,4.41,4.48,4.52,4.81,4.8,4.74,4.83,4.86,15589661
Pasta sauce,650 mililiters,Dressing,1.95,2.04,1.99,2.27,1.87,2.23,2.13,1.99,1.95,1.8,2.15,2.15,1.95,1.71,2.13,2.11,2.08,1.96,1.96,1.93,2.11,2.06,1.98,2.61,1.86,1.89,2.2,2.22,2.07,2.2,2.16,2.27,2.05,2.19,2.06,2.47,2.17,2.1,2.46,2.32,2.57,2.49,2.02,2.42,2.16,2.16,2.1,2.47,2.22,2.36,2.59,1.98,2.53,2.28,2.42,2.14,2.21,2.76,2.39,2.67,2.36,2.26,2.35,2.41,2.37,2.76,2.88,2.53,3.02,3.16,2.42,3.08,2.88,2.89,3.15,2.32,2.96,2.87,2.98,3.33,15589666
Salad dressing,475 mililiters,Dressing,2.67,2.74,2.62,2.77,2.49,2.55,2.49,2.39,2.56,2.58,2.58,2.8,2.78,2.63,2.64,2.53,2.34,2.4,2.48,2.59,2.52,2.69,2.71,2.44,2.97,2.85,2.7,2.77,2.6,2.58,2.58,2.6,2.63,2.54,2.54,2.56,2.69,2.8,2.79,2.77,2.53,2.89,2.89,2.81,2.78,2.57,2.75,2.79,2.8,2.82,2.8,2.98,2.7,2.95,3.23,3.21,3.27,3.11,3.26,3.5,3.25,3.39,3.48,3.63,3.44,3.35,3.54,3.39,3.59,3.36,3.45,3.34,3.54,3.79,3.85,3.68,3.69,3.47,3.59,3.71,15589682
Almonds,200 grams,Snacks,4.73,4.69,5.4,4.91,5.01,6.34,6.54,5.39,4.34,5.29,5.61,4.88,4.89,4.97,4.85,4.99,5.84,5.44,6.07,6.07,5.76,4.86,5.28,4.86,5.38,5.44,5.8,5.03,5.72,5.74,5.92,6.16,5.45,5.19,5.16,5.35,5.1,4.96,5.39,5.56,5.56,5.66,5.75,5.95,6,5.7,5.1,4.74,4.4,4.88,5.23,5.45,5.5,5.68,5.77,5.81,5.6,5.38,5.27,5.39,5.62,5.4,5.4,5.23,5.23,5.76,5.43,5.64,5.84,5.63,5.49,5.36,5.79,5.6,5.38,5.31,5.4,5.7,5.75,5.24,15589687
Peanuts,450 grams,Snacks,3.76,3.42,3.93,3.85,3.71,3.74,3.87,3.52,3.98,4.08,3.29,3.44,3.24,3.08,3.7,3.36,3.92,3.79,3.66,3.45,3.62,3.23,3.16,3.1,3.24,2.97,3.03,3.36,3.17,3.23,3.44,3.22,2.98,3.16,2.61,3.08,3.25,2.96,3.04,3.17,2.87,3.1,3.19,3.36,4.05,4.12,3.43,3.25,3.21,2.66,3.41,3.4,2.7,3.19,3.26,3.35,3.43,3.42,3.15,3.34,3.58,3.45,3.45,3.42,3.26,3.08,3.14,3.34,3.51,3.28,3.76,3.45,3.59,3.62,3.76,3.63,3.66,3.48,3.78,3.8,15589693
Sunflower seeds,400 grams,Snacks,4.79,4.52,4.39,4.38,4.41,4.52,4.63,4.6,4.93,4.96,4.99,4.8,4.73,4.72,4.82,4.4,4.66,4.68,4.6,4.78,4.55,4.71,4.84,4.7,4.58,3.86,4.87,4.77,4.59,4.49,4.65,4.59,4.72,4.62,4.87,4.91,4.47,4.67,4.7,4.58,4.68,4.72,4.51,4.5,4.97,5.16,4.67,4.58,4.72,4.59,4.68,4.46,4.64,4.42,4.62,4.62,4.23,4.6,4.46,4.36,4.35,4.45,4.55,4.48,4.55,4.69,4.67,4.53,4.76,4.81,4.54,4.73,4.56,4.9,5.27,4.87,5.15,4.98,5.32,5.26,15589696
Deodorant,85 grams,Daily Commodities,5.01,4.79,4.95,5.23,5.05,4.9,4.88,4.83,4.58,5.08,4.71,4.87,4.94,4.98,4.96,5.14,5.31,5.02,5,4.84,4.94,5.13,4.81,5.1,5.07,5.02,4.97,5.45,5.05,4.96,5.1,5.12,4.9,4.92,4.93,4.86,5.36,4.94,5.1,5.28,5,5.16,5.27,5.1,5.4,5.4,5.14,5.32,5.12,5.14,5.3,5.55,5.35,5.48,5.69,5.83,5.83,6.09,6.06,6.01,5.93,5.74,5.95,6.09,6.13,6.43,6.56,6.7,6.37,6.43,6.4,6.28,6.9,6.53,6.67,7.28,7.32,7.1,7.06,7.15,15589700
Toothpaste,100 mililiters,Daily Commodities,2.66,2.84,2.96,2.85,2.91,3.07,2.9,2.89,2.73,2.8,2.93,2.93,2.83,2.68,3.08,2.63,2.88,2.78,3.04,2.8,2.82,3.07,2.92,2.97,2.91,2.88,3.1,3.24,3.03,3.2,3.29,3,3.15,3.23,3.38,3.42,2.87,3.22,3.13,3.33,3.65,3.11,3.39,3.32,3.38,3.68,3.42,3.44,2.82,3.23,3.58,3.33,3.48,3.45,3.53,3.6,3.61,3.59,3.73,3.66,3.16,3.73,3.62,3.84,3.9,4,4.04,4.15,4.29,4.04,3.97,4.11,3.7,4.19,3.79,3.96,4.06,4.04,4.24,4,15589702
Shampoo,400 mililiters,Daily Commodities,5.18,4.95,5.14,5.26,5.23,5.16,5.33,5.17,5.13,5.31,5.15,5.26,5.13,5.05,5.15,5.11,5.2,5.2,5.31,5.28,5.02,5.23,5.22,5.28,5.27,4.97,5.21,5.3,5.03,4.97,5.36,5.02,4.72,5.19,4.98,4.65,5.25,4.93,5.27,5.17,5.16,5.26,4.87,5.11,5.54,5.52,5.31,5.42,5.08,5.04,5.19,5.41,5.47,5.54,5.18,5.48,5.66,5.75,5.84,5.85,5.94,5.23,5.58,5.61,5.99,5.98,5.68,5.96,5.96,6.33,6.05,6.08,6.21,5.74,6.22,6.12,6.63,6.68,6.87,6.69,15589704
Laundry detergent,4.43 Liters,Daily Commodities,8.53,13.44,15.16,7.45,9.49,13.77,8.11,10.53,7.16,9.95,13.64,8.11,11.17,7.32,12.95,10.21,8.74,9.28,13.05,12.61,12.41,8.81,12.09,14.11,11.79,13.37,13.23,13.29,11.73,11.64,12.83,12.5,11.88,12.73,11.39,12.18,12.44,13.88,14.06,13.5,13.22,14.29,13.63,11.69,12.05,12.2,13.27,13.2,13.25,13.75,12.88,12.14,12.78,13.2,13.87,13.42,12.56,13.39,12.51,14.05,14.34,14.83,15.96,15.42,16.75,15.03,15.03,15.66,15.27,14.65,15.05,15.65,15.02,17.24,14.34,16.93,15.38,17.46,15.52,16.25,15589707
